year,Algeria,Egypt,Libya,Morocco,Tunisia,wer
1995,0.016001794,0.012045436,0,0.109979867,0.035457247,0.045457247
1996,0.039202273,0.011861838,0,0.157659667,0.071298377,0.055457247

